0;1;2;3;Cfp;Wfp
AGRICULTURAL PROCESSED;NUTS COVERED WITH CHOCOLATE;ALMOND COVERED WITH CHOCOLATE;-;4,12;
AGRICULTURAL PROCESSED;VEGETAL PRODUCTS (GENERIC);VEGETAL MILK;ALMOND MILK;0,54;2030
AGRICULTURAL PROCESSED;NUTS PASTE;ALMOND PASTE;-;1,84;
AGRICULTURAL PROCESSED;FRUIT JUICE;APPLE JUICE (I);-;2,86;1140
AGRICULTURAL PROCESSED;PROCESSED LEGUMES (GENERIC);LEGUME FLOUR;AZUKI BEAN FLOUR;1,32;2523
AGRICULTURAL PROCESSED;BREAKFAST CEREALS;BARLEY FLAKES;-;2,64;1977
AGRICULTURAL PROCESSED;PROCESSED LEGUMES (GENERIC);LEGUMES FROZEN;BEANS (F);2,26;801
AGRICULTURAL PROCESSED;PROCESSED LEGUMES (GENERIC);LEGUMES CANNED;BEANS IN CAN;0,78;555,5
AGRICULTURAL PROCESSED;BEER;BEER IN CAN;-;0,69;155
AGRICULTURAL PROCESSED;BEER;BEER IN GLASS;-;0,96;155
AGRICULTURAL PROCESSED;BEER;BEER MODULAR CAN;-;0,53;155
AGRICULTURAL PROCESSED;BEER;BEER (OTHER);-;0,69;155
AGRICULTURAL PROCESSED;SUGAR;BEET SUGAR;-;0,94;865
AGRICULTURAL PROCESSED;FRUIT JUICE;BLUEBERRY JUICE (I);-;2,86;1019
AGRICULTURAL PROCESSED;BREAD (GENERIC);BREAD;BREAD;0,86;667
AGRICULTURAL PROCESSED;BREAD (GENERIC);BREAD FROZEN* (rolls frozen);BREAD FROZEN (F)*;1,31;
AGRICULTURAL PROCESSED;BREAD (GENERIC);BREAD;BREAD MULTICEREAL**;0,86;902
AGRICULTURAL PROCESSED;BREAD (GENERIC);BREAD;BREAD PLAIN**;0,89;1031
AGRICULTURAL PROCESSED;BREAD (GENERIC);BREAD;BREAD WHOLE**;0,77;887
AGRICULTURAL PROCESSED;GRAIN FLOUR;BUCKWHEAT FLOUR;-;0,87;1889,5
AGRICULTURAL PROCESSED;SWEETS;CAKES AND CROISSANT**;-;2,14;1640
AGRICULTURAL PROCESSED;SUGAR;CANE MOLASSE;-;0,78;527
AGRICULTURAL PROCESSED;SUGAR;CANE SUGAR;-;0,62;1724
AGRICULTURAL PROCESSED;VEGETABLES FROZEN;CARROTS (F);-;0,81;750,5
AGRICULTURAL PROCESSED;VEGETABLES CANNED;CARROTS CANNED;-;1,48;806,6
AGRICULTURAL PROCESSED;ICE CREAM;CHOCOLATE ICE CREAM;-;4,30;
AGRICULTURAL PROCESSED;BISCUITS;CHOCOLATE OR CREAM FILLED COOKIES**;-;1,53;2902
AGRICULTURAL PROCESSED;COCOA DERIVATES;COCOA BUTTER;-;3,16;33938
AGRICULTURAL PROCESSED;SWEETS;COCOA CAKES AND CROISSANT**;-;1,94;3468
AGRICULTURAL PROCESSED;COCOA DERIVATES;COCOA PASTE;-;3,16;24238
AGRICULTURAL PROCESSED;COCOA DERIVATES;COCOA POWDER;-;3,16;15618
AGRICULTURAL PROCESSED;VEGETAL PRODUCTS (GENERIC);VEGETAL MILK;COCONUT MILK;0,54;2030
AGRICULTURAL PROCESSED;OIL;COCONUT OIL;-;2,11;4490
AGRICULTURAL PROCESSED;PROCESSED COFFEE (GENERIC);COFFEE LIQUID;COFFEE DRIP FILTERED (L);0,55;960
AGRICULTURAL PROCESSED;PROCESSED COFFEE (GENERIC);COFFEE GROUND & PARCHMENT;COFFEE GROUND;6,71;19956
AGRICULTURAL PROCESSED;PROCESSED COFFEE (GENERIC);COFFEE GROUND & PARCHMENT;COFFEE PARCHMENT;8,29;19956
AGRICULTURAL PROCESSED;PROCESSED COFFEE (GENERIC);COFFEE GROUND & PARCHMENT* (coffee roasted);COFFEE ROASTED;6,71;19956
AGRICULTURAL PROCESSED;PROCESSED COFFEE (GENERIC);COFFEE LIQUID;COFFEE SOLUBLE;0,55;960
AGRICULTURAL PROCESSED;PROCESSED COFFEE (GENERIC);COFFEE LIQUID;COFFEE SOLUBLE POWDER (L);0,55;960
AGRICULTURAL PROCESSED;PROCESSED COFFEE (GENERIC);COFFEE LIQUID;COFFEE STANDARD;0,55;960
AGRICULTURAL PROCESSED;PROCESSED COFFEE (GENERIC);COFFEE LIQUID;COFFEE STRONG;0,55;960
AGRICULTURAL PROCESSED;PROCESSED COFFEE (GENERIC);COFFEE LIQUID;COFFEE WEAK;0,55;960
AGRICULTURAL PROCESSED;VEGETABLES CANNED;CORN CANNED;-;1,48;807
AGRICULTURAL PROCESSED;BREAKFAST CEREALS;CORNFLAKES*;-;2,64;2196,5
AGRICULTURAL PROCESSED;FRUIT JUICE;CRANBERRY JUICE (I);-;2,86;1019
AGRICULTURAL PROCESSED;CRISPBREAD**;CRISPBREAD**;-;1,35;1423
AGRICULTURAL PROCESSED;CHOCOLATE;DARK CHOCOLATE;-;3,16;20717
AGRICULTURAL PROCESSED;STARCHY TUBER;DRIED CASSAVA;-;0,27;1610
AGRICULTURAL PROCESSED;GRAIN FLOUR;DURUM WHEAT;-;0,47;1889,5
AGRICULTURAL PROCESSED;PASTA (GENERIC);EGG PASTA*;EGG PASTA*;3,15;4637
AGRICULTURAL PROCESSED;COFFEE LIQUID;ESPRESSO (L);-;0,55;960
AGRICULTURAL PROCESSED;FRUIT JUICE;FIG JUICE (I);-;2,86;1019
AGRICULTURAL PROCESSED;CRACKERS;FLAVORED CRACKERS**;-;0,93;1378
AGRICULTURAL PROCESSED;SUGAR;FRUCTOSE;-;0,78;1782
AGRICULTURAL PROCESSED;GRAIN FLOUR;GRAHAM FLOUR;-;0,87;1889,5
AGRICULTURAL PROCESSED;FRUIT JUICE;GRAPEFRUIT JUICE;-;2,86;675
AGRICULTURAL PROCESSED;PROCESSED LEGUMES (GENERIC);LEGUMES FROZEN;GREEN BEANS (F);2,26;555,5
AGRICULTURAL PROCESSED;PROCESSED LEGUMES (GENERIC);LEGUMES CANNED;GREEN BEANS IN CAN;0,78;555,5
AGRICULTURAL PROCESSED;NUTS COVERED WITH CHOCOLATE;HAZELNUT COVERED WITH CHOCOLATE;-;4,12;
AGRICULTURAL PROCESSED;NUTS PASTE;HAZELNUT CREAM;-;1,84;
AGRICULTURAL PROCESSED;NUTS PASTE;HAZELNUT PASTE;-;1,84;
AGRICULTURAL PROCESSED;ICE CREAM;ICE CREAM (OTHER);-;4,30;
AGRICULTURAL PROCESSED;DRESSING;KETCHUP;-;1,46;534
AGRICULTURAL PROCESSED;FRUIT JUICE;KIWI JUICE (I);-;2,86;1019
AGRICULTURAL PROCESSED;OIL;LINSEED OIL;-;2,11;9415
AGRICULTURAL PROCESSED;GRAIN FLOUR;MAIZE FLOUR;-;0,87;1889,5
AGRICULTURAL PROCESSED;GRAIN FLOUR;MAIZE FLOUR & MEAL;-;0,87;1167
AGRICULTURAL PROCESSED;PROCESSED GRAINS (grouts, malt);MAIZE GROATS;-;0,57;1081
AGRICULTURAL PROCESSED;PROCESSED GRAINS (grouts, malt);MAIZE HULLED, PEARLED, SLICED OR KIBBLED;-;0,57;1314
AGRICULTURAL PROCESSED;OIL;MAIZE OIL;-;2,11;2575
AGRICULTURAL PROCESSED;PROCESSED GRAINS (grouts, malt);MALT;-;0,57;1950
AGRICULTURAL PROCESSED;PROCESSED GRAINS (grouts, malt);MALT, ROASTED;-;0,57;2437
AGRICULTURAL PROCESSED;FRUIT JUICE;MANGO JUICE (I);-;2,86;1019
AGRICULTURAL PROCESSED;MARGARINE*;MARGARINE*;-;1,39;1324
AGRICULTURAL PROCESSED;DRESSING;MAYONNAISE;-;1,46;572
AGRICULTURAL PROCESSED;CHOCOLATE;MILK CHOCOLATE;-;3,16;20717
AGRICULTURAL PROCESSED;GRAIN FLOUR;MILLET FLOUR;-;0,87;1889,5
AGRICULTURAL PROCESSED;BOTTLED WATER* (mineral water);MINERAL WATER*;-;0,49;
AGRICULTURAL PROCESSED;VEGETABLES FROZEN;MIXED VEGETABLES (F);-;0,81;339
AGRICULTURAL PROCESSED;PROCESSED LEGUMES (GENERIC);LEGUME FLOUR;MUNG BEAN FLOUR;1,32;2523
AGRICULTURAL PROCESSED;BREAKFAST CEREALS;OAT FLAKES;-;2,64;2416
AGRICULTURAL PROCESSED;PROCESSED GRAINS (grouts, malt);OAT GROATS;-;0,57;2536
AGRICULTURAL PROCESSED;GRAIN FLOUR;OAT MEAL;-;0,87;2536
AGRICULTURAL PROCESSED;OIL;OLIVE OIL;-;3,27;14415
AGRICULTURAL PROCESSED;OIL;OLIVE OIL REFINED;-;2,11;14726
AGRICULTURAL PROCESSED;FRUIT JUICE;ORANGE JUICE;-;0,46;1019
AGRICULTURAL PROCESSED;OIL;PALM OIL;-;2,43;4971
AGRICULTURAL PROCESSED;PASTA (GENERIC);PASTA*;PASTA*;1,21;1508
AGRICULTURAL PROCESSED;NUTS PASTE;PEANUT BUTTER;-;1,84;
AGRICULTURAL PROCESSED;OIL;PEANUT OIL;-;2,11;7529
AGRICULTURAL PROCESSED;NUTS PASTE;PEANUT PASTE;-;1,84;
AGRICULTURAL PROCESSED;FRUIT JUICE;PEAR JUICE;-;0,48;1019
AGRICULTURAL PROCESSED;VEGETABLES FROZEN;PEAS (F);-;0,81;850
AGRICULTURAL PROCESSED;PESTO;PESTO;-;2,72;2174
AGRICULTURAL PROCESSED;PESTO;PESTO WITHOUT GARLIC;-;2,72;2174
AGRICULTURAL PROCESSED;FRUIT JUICE;PINEAPPLE JUICE (I);-;2,86;1273
AGRICULTURAL PROCESSED;CRACKERS;PLAIN CRACKERS**;-;1,35;1447
AGRICULTURAL PROCESSED;STARCHY TUBER;POTATO FLAKES;-;0,27;1044
AGRICULTURAL PROCESSED;VEGETABLES FROZEN;POTATOES (F);-;0,81;575
AGRICULTURAL PROCESSED;VEGETAL PRODUCTS (GENERIC);VEGETAL PROTEINS;QUORNE;2,27;1724
AGRICULTURAL PROCESSED;OIL;RAPESEED OIL;-;1,79;4301
AGRICULTURAL PROCESSED;FRUIT FROZEN* (raspberry);RASPBERRIES (F)*;-;1,18;748
AGRICULTURAL PROCESSED;GRAIN FLOUR;RICE FLOUR & MEAL;-;0,87;2429
AGRICULTURAL PROCESSED;PROCESSED GRAINS (grouts, malt);RICE GROATS;-;0,57;2230
AGRICULTURAL PROCESSED;VEGETAL PRODUCTS (GENERIC);VEGETAL MILK;RICE MILK;0,54;2030
AGRICULTURAL PROCESSED;GRAIN FLOUR;RYE FLOUR;-;0,87;1930
AGRICULTURAL PROCESSED;OIL;SESAM OIL;-;2,11;21793
AGRICULTURAL PROCESSED;BISCUITS;SIMPLE COOKIES**;-;1,39;1723
AGRICULTURAL PROCESSED;GRAIN FLOUR;SORGHUM FLOUR;-;0,87;1889,5
AGRICULTURAL PROCESSED;VEGETAL PRODUCTS (GENERIC);VEGETAL PROTEINS;SOY BURGER;2,27;1053
AGRICULTURAL PROCESSED;VEGETAL CREAM* (soy cream);SOY CREAM*;-;1,62;
AGRICULTURAL PROCESSED;PROCESSED LEGUMES (GENERIC);LEGUME FLOUR;SOY MEAL;1,32;2523
AGRICULTURAL PROCESSED;VEGETAL PRODUCTS (GENERIC);VEGETAL MILK;SOY MILK;0,78;2030
AGRICULTURAL PROCESSED;DRESSING;SOY PASTE;-;1,46;572
AGRICULTURAL PROCESSED;DRESSING;SOY SAUCE;-;1,46;613
AGRICULTURAL PROCESSED;VEGETAL PRODUCTS (GENERIC);VEGETAL YOGURT (soy yogurt);SOY YOGURT*;1,36;
AGRICULTURAL PROCESSED;PROCESSED LEGUMES (GENERIC);LEGUME FLOUR;SOYBEAN FLOUR;1,32;2523
AGRICULTURAL PROCESSED;OIL;SOYBEAN OIL;-;1,79;4190
AGRICULTURAL PROCESSED;VEGETABLES FROZEN;SPINACH (F);-;0,81;834
AGRICULTURAL PROCESSED;FRUIT JUICE;STRAWBERRY JUICE (I);-;2,86;1019
AGRICULTURAL PROCESSED;OIL;SUNFLOWER OIL;-;0,98;6792
AGRICULTURAL PROCESSED;VEGETABLES FROZEN;SWEET CORN (F);-;0,81;700
AGRICULTURAL PROCESSED;STARCHY TUBER;TAPIOCA OF CASSAVA;-;0,27;2818
AGRICULTURAL PROCESSED;STARCHY TUBER;TAPIOCA OF POTATOES;-;0,27;1436
AGRICULTURAL PROCESSED;DRESSING;TEMPE';-;1,46;572
AGRICULTURAL PROCESSED;VEGETAL PRODUCTS (GENERIC);VEGETAL PROTEINS;TOFU;2,27;1724
AGRICULTURAL PROCESSED;TOMATO SAUCE;TOMATO & BASIL;-;1,14;147
AGRICULTURAL PROCESSED;TOMATO SAUCE;TOMATO ARRABBIATA;-;1,24;155
AGRICULTURAL PROCESSED;TOMATO PUREE,PEELED, CHOPPED;TOMATO CHOPPED;-;1,47;713
AGRICULTURAL PROCESSED;FRUIT JUICE;TOMATO JUICE;-;2,86;267
AGRICULTURAL PROCESSED;TOMATO PUREE,PEELED, CHOPPED;TOMATO PASTE;-;1,30;855
AGRICULTURAL PROCESSED;TOMATO PUREE,PEELED, CHOPPED;TOMATO PEELED;-;1,3;267
AGRICULTURAL PROCESSED;TOMATO PUREE,PEELED, CHOPPED;TOMATO PUREE;-;1,03;713
AGRICULTURAL PROCESSED;ICE CREAM;VANILLA ICE CREAM;-;4,30;
AGRICULTURAL PROCESSED;GRAIN FLOUR;WHEAT FLOUR;-;0,87;1849
AGRICULTURAL PROCESSED;PROCESSED GRAINS (grouts, malt);WHEAT GLUTEN;-;0,57;4189
AGRICULTURAL PROCESSED;PROCESSED GRAINS (grouts, malt);WHEAT PELLETS;-;0,57;2036
AGRICULTURAL PROCESSED;GRAIN FLOUR;WHEAT PLAIN FLOUR;-;0,52;1889,5
AGRICULTURAL PROCESSED;GRAIN FLOUR;WHOLE WHEAT FLOUR;-;0,36;1889,5
AGRICULTURAL PROCESSED;CRACKERS;WHOLEGRAIN CRACKERS**;-;0,97;617
AGRICULTURAL PROCESSED;WINE;WINE RED;-;0,87;524
AGRICULTURAL PROCESSED;WINE;WINE WHITE;-;0,66;524
AGRICULTURAL PROCESSED;WINE;WINE (OTHER);-;0,66;524
AGRICULTURAL PROCESSED;YEAST (GENERIC);YEAST COMPRESSED*;YEAST COMPRESSED*;0,82;51
AGRICULTURAL PROCESSED;YEAST (GENERIC);YEAST DRIED*;YEAST DRIED*;3,29;
AGRICULTURAL PROCESSED;YEAST (GENERIC);YEAST LIQUID*;YEAST LIQUID*;0,50;
AGRICULTURAL PROCESSED;VEGETABLES FROZEN;ZUCCHINI (F);-;0,81;750,5
ANIMAL DERIVED;CHEESE (GENERIC);CHEESE HARD & SEMI-HARD;ASIAGO;9,59;5253
MEAT PRODUCTS;PORK MEAT;PORK CURED MEAT;BACON;5,99;6116
MEAT PRODUCTS;BEEF MEAT;BEEF BONE FREE MEAT*;BEEF BONE FREE MEAT*;25,75;15139
MEAT PRODUCTS;BEEF MEAT;BEEF MEAT WITH BONE*;BEEF MEAT WITH BONE*;17,96;10943
MEAT PRODUCTS;BUFFALO BONE FREE MEAT*;BUFFALO BONE FREE MEAT*;-;78,80;
ANIMAL DERIVED;MILK;BUFFALO MILK;-;3,57;1599
ANIMAL DERIVED;BUTTER*;BUTTER*;-;8,48;5659
ANIMAL DERIVED;MILK;BUTTERED MILK;-;1,44;1599
ANIMAL DERIVED;CHEESE (GENERIC);CHEESE HARD & SEMI-HARD;CAMEMBERT;9,59;5253
ANIMAL DERIVED;CHEESE (GENERIC);CHEESE HARD & SEMI-HARD;CEDDAR;11,21;5253
ANIMAL DERIVED;CHEESE (GENERIC);CHEESE HARD & SEMI-HARD;CHEESE (OTHER);8,93;5253
ANIMAL DERIVED;CHEESE (GENERIC);CHEESE HARD & SEMI-HARD;CHEESE BLUE-VEINED;9,59;5060
ANIMAL DERIVED;CHEESE (GENERIC);CHEESE HARD & SEMI-HARD;CHEESE GRATED;9,59;5060
ANIMAL DERIVED;CHEESE (GENERIC);CHEESE HARD & SEMI-HARD;CHEESE SEMI-HARD (OTHER);9,59;5253
MEAT PRODUCTS;POULTRY MEAT;POULTRY BONE FREE MEAT;CHICKEN BONE FREE MEAT;3,68;3960
MEAT PRODUCTS;POULTRY MEAT;POULTRY MEAT WITH BONE;CHICKEN MEAT WITH BONE;2,82;3330
ANIMAL DERIVED;MILK;COW MILK;-;1,31;1260,5
ANIMAL DERIVED;CHEESE (GENERIC);CHEESE FRESH;CREAM;5,45;3838
MEAT PRODUCTS;PORK MEAT;PORK CURED MEAT;CURED HAM BONE FREE;5,99;6177
MEAT PRODUCTS;PORK MEAT;PORK CURED MEAT;CURED HAM WITH BONE;5,99;5798
MEAT PRODUCTS;PORK MEAT;PORK CURED MEAT;CURED PORK BONE FREE;5,99;6238
MEAT PRODUCTS;PORK MEAT;PORK CURED MEAT;CURED SHOULDERS WITH BONE;5,99;5798
MEAT PRODUCTS;POULTRY MEAT;POULTRY BONE FREE MEAT;DUCK BONE FREE MEAT;3,88;4325
MEAT PRODUCTS;POULTRY MEAT;POULTRY BONE FREE MEAT;DUCK MEAT BONE FREE*;3,88;4325
MEAT PRODUCTS;POULTRY MEAT;POULTRY MEAT WITH BONE;DUCK MEAT WITH BONE*;2,13;3330,3
ANIMAL DERIVED;EGGS & DERIVATES;EGG YOLKS;-;3,20;3270
ANIMAL DERIVED;EGGS & DERIVATES;EGGS SHELLED;-;3,20;3632
ANIMAL DERIVED;EGGS*;EGGS*;-;3,20;2562
ANIMAL DERIVED;CHEESE (GENERIC);CHEESE HARD & SEMI-HARD;EMMENTAL;9,59;5253
MEAT PRODUCTS;POULTRY MEAT;POULTRY BONE FREE MEAT;EMU BONE FREE MEAT;3,88;4325
MEAT PRODUCTS;PORK MEAT;PORK MEAT WITH BONE;FRESH HAM WITH BONE;3,44;5677
MEAT PRODUCTS;PORK MEAT;PORK MEAT WITH BONE;FRESH SHOULDERS WITH BONE;3,44;5677
ANIMAL DERIVED;CHEESE (GENERIC);CHEESE HARD & SEMI-HARD;GOAT CHEESE;9,59;5253
ANIMAL DERIVED;MILK;GOAT MILK;-;1,44;1599
MEAT PRODUCTS;POULTRY MEAT;POULTRY BONE FREE MEAT;GOOSE BONE FREE MEAT;3,88;4325
ANIMAL DERIVED;CHEESE (GENERIC);CHEESE HARD & SEMI-HARD;GRAN MORAVIA;9,59;5253
ANIMAL DERIVED;CHEESE (GENERIC);CHEESE HARD & SEMI-HARD;GRANA PADANO;9,59;5253
MEAT PRODUCTS;POULTRY MEAT;POULTRY BONE FREE MEAT;GUINEA BONE FREE MEAT;3,88;4325
ANIMAL DERIVED;HONEY*;HONEY*;-;1,74;
MEAT PRODUCTS;KANGAROO MEAT*;KANGAROO MEAT*;-;4,10;
ANIMAL DERIVED;MILK;KEPHIR;-;1,44;1599
MEAT PRODUCTS;LAMB MEAT;LAMB BONE FREE MEAT*;LAMB BONE FREE MEAT*;25,23;10412
MEAT PRODUCTS;LAMB MEAT;LAMB MEAT WITH BONE*;LAMB MEAT WITH BONE*;16,70;4362
ANIMAL DERIVED;CHEESE (GENERIC);CHEESE FRESH;MASCARPONE;5,45;5253
ANIMAL DERIVED;EDIBLE INSECTS* (mealworms);MEALWORMS*;-;2,84;4341
ANIMAL DERIVED;MILK;MILK ACID;-;1,44;1599
ANIMAL DERIVED;MILK;MILK CREAMY;-;1,44;1898
ANIMAL DERIVED;CHEESE (GENERIC);CHEESE FRESH;MOZZARELLA;8,20;5253
MEAT PRODUCTS;PORK MEAT;PORK CURED MEAT;NECK;5,99;6177
ANIMAL DERIVED;CHEESE (GENERIC);CHEESE HARD & SEMI-HARD;PARMIGIANO REGGIANO;9,59;5253
ANIMAL DERIVED;CHEESE (GENERIC);CHEESE HARD & SEMI-HARD;PECORINO;9,59;5253
MEAT PRODUCTS;PORK MEAT;PORK BONE FREE MEAT*;PORK BONE FREE MEAT*;5,72;6299
MEAT PRODUCTS;PORK MEAT;PORK MEAT WITH BONE;PORK CUTS WITH BONE;3,44;5798
MEAT PRODUCTS;PORK MEAT;PORK CURED MEAT;PORK HAM;7,95;6177
MEAT PRODUCTS;PORK MEAT;PORK MEAT WITH BONE;PORK MEAT WITH BONE (OTHER);3,44;4361
MEAT PRODUCTS;PORK MEAT;PORK CURED MEAT;PORK SAUSAGES;5,99;6177
MEAT PRODUCTS;RABBIT MEAT WITH BONE*;RABBIT MEAT WITH BONE*;-;4,31;
ANIMAL DERIVED;CHEESE (GENERIC);CHEESE FRESH;RICOTTA;5,45;2470,5
MEAT PRODUCTS;PORK MEAT;PORK CURED MEAT;SAUSAGES;5,99;6177
ANIMAL DERIVED;SNAILS*;SNAILS*;-;0,73;
ANIMAL DERIVED;CHEESE (GENERIC);CHEESE FRESH;STRACCHINO;5,45;5253
MEAT PRODUCTS;POULTRY MEAT;POULTRY BONE FREE MEAT;TURKEY BONE FREE MEAT;3,88;4325
MEAT PRODUCTS;POULTRY MEAT;POULTRY BONE FREE MEAT;TURKEY MEAT BONE FREE;4,08;4325
MEAT PRODUCTS;POULTRY MEAT;POULTRY MEAT WITH BONE;TURKEY MEAT WITH BONE;2,13;3330,3
ANIMAL DERIVED;YOGURT;YOGURT FLAVORED;-;2,55;1540
ANIMAL DERIVED;YOGURT;YOGURT FLAVOURED**;-;2,85;1540
ANIMAL DERIVED;YOGURT;YOGURT LACTOSE FREE;-;3,47;1540
ANIMAL DERIVED;YOGURT;YOGURT WHITE;-;1,69;1540
ANIMAL DERIVED;YOGURT;YOGURT WHITE LACTOSE FREE;-;2,55;1040
CROPS;NUTS (GENERIC);NUTS;ALMOND;1,88;11264
CROPS;NUTS (GENERIC);NUTS SHELLED;ALMOND SHELLED;1,11;16095
CROPS;NUTS (GENERIC);NUTS WITH SHELL;ALMOND WITH SHELL;1,11;8047
CROPS;SPICIES;ANISE;-;0,84;8280
CROPS;FRUIT (GENERIC);FRUIT LOCAL;APPLE;0,25;622
CROPS;FRUIT (GENERIC);DRIED FRUIT;APPLES;0,81;6847
CROPS;FRUIT (GENERIC);FRUIT LOCAL;APRICOT;0,30;1287
CROPS;NUTS (GENERIC);NUTS SHELLED;ARECA NUT;1,11;11165
CROPS;VEGETABLES (GENERIC);VEGETABLES LOCAL;ARTICHOKE;0,33;818
CROPS;VEGETABLES (GENERIC);VEGETABLES LOCAL;ASPARAGUS;0,83;2150
CROPS;FRUIT (GENERIC);FRUIT LOCAL;AVOCADO;0,54;1805
CROPS;FRUIT (GENERIC);FRUIT IMPORTED;AVOCADO (I);1,09;1805
CROPS;SPICIES;BADIAN;-;0,84;8280
CROPS;FRUIT (GENERIC);FRUIT LOCAL;BANANA;0,34;748
CROPS;FRUIT (GENERIC);FRUIT IMPORTED;BANANA (I);0,82;748
CROPS;GRAINS;BARLEY;-;0,48;1423
CROPS;LEGUMES (GENERIC);LEGUMES;BEAN;0,43;5053
CROPS;LEGUMES (GENERIC);LEGUMES FRESH;BEAN (fresh);0,52;516
CROPS;VEGETABLES (GENERIC);VEGETABLES LOCAL;BEETROOT;0,25;272,0
CROPS;FRUIT (GENERIC);FRUIT LOCAL;BLACKBERRY;0,64;413
CROPS;FRUIT (GENERIC);FRUIT LOCAL;BLUEBERRY;0,78;845
CROPS;SEEDS;BRASSICAS;-;0,88;280
CROPS;VEGETABLES (GENERIC);VEGETABLES LOCAL;BROCCOLI;0,57;336
CROPS;VEGETABLES (GENERIC);VEGETABLES LOCAL;BRUSSEL SPROUT;0,33;285
CROPS;VEGETABLES (GENERIC);VEGETABLES LOCAL;CABAGGE;0,23;280
CROPS;FRUIT (GENERIC);FRUIT LOCAL;CAHSEW APPLE;0,32;3793
CROPS;NUTS (GENERIC);NUTS SHELLED;CAHSEW NUT;1,11;14218
CROPS;SPICIES;CARDAMOM;-;0,84;34319
CROPS;FRUIT (GENERIC);FRUIT LOCAL;CARROB;0,32;1506,5
CROPS;VEGETABLES (GENERIC);VEGETABLES LOCAL;CARROT;0,24;195
CROPS;NUTS (GENERIC);NUTS;CASHEW NUT;1,38;11264
CROPS;VEGETABLES (GENERIC);VEGETABLES LOCAL;CAULIFLOWER;0,31;285
CROPS;VEGETABLES (GENERIC);VEGETABLES LOCAL;CELERY;0,33;362,0
CROPS;FRUIT (GENERIC);FRUIT LOCAL;CHERRY;0,46;1506,5
CROPS;FRUIT (GENERIC);FRUIT LOCAL;CHERRY SOUR;0,32;1411
CROPS;FRUIT (GENERIC);FRUIT LOCAL;CHERRY SWEET;0,32;1604
CROPS;NUTS (GENERIC);NUTS;CHESTNUT;1,11;2750
CROPS;LEGUMES (GENERIC);LEGUMES;CHICKPEA;0,52;4177
CROPS;SPICIES;CHILLY;-;0,84;7365
CROPS;VEGETABLES (GENERIC);VEGETABLES LOCAL;CHILLY FRESH;0,33;379
CROPS;SPICIES;CINNAMON;-;0,84;15526
CROPS;FRUIT (GENERIC);FRUIT LOCAL;CITRUS;0,34;457
CROPS;FRUIT (GENERIC);FRUIT LOCAL;CLEMENTINE;0,34;748
CROPS;SPICIES;CLOVE;-;0,84;61205
CROPS;FRUIT (GENERIC);FRUIT IMPORTED;COCONUT (I);1,07;1971
CROPS;FRUIT (GENERIC);DRIED FRUIT;COCONUTS;0,81;2093
CROPS;COFFEE (GREEN);COFFEE BEAN;-;6,71;19928
CROPS;COFFEE GREEN*;COFFEE GREEN*;-;0,49;15897
CROPS;SPICIES;CORIANDER;-;0,84;8280
CROPS;LEGUMES (GENERIC);LEGUMES;COWPEA;0,49;6906
CROPS;FRUIT (GENERIC);FRUIT LOCAL;CRANBERRY;0,64;276
CROPS;VEGETABLES (GENERIC);VEGETABLES LOCAL;CUCUMBER;0,27;353
CROPS;VEGETABLES (GENERIC);VEGETABLES HEATED GREENHOUSE;CUCUMBER (G);2,55;353
CROPS;VEGETABLES (GENERIC);VEGETABLES NOT HEATED GREENHOUSE;CUCUMBER (g);1,18;353
CROPS;FRUIT (GENERIC);FRUIT LOCAL;CURRANT;0,64;499
CROPS;FRUIT (GENERIC);DRIED FRUIT;DATES;0,81;2840
CROPS;VEGETABLES (GENERIC);VEGETABLES LOCAL;EGGPLANT;0,19;362
CROPS;VEGETABLES (GENERIC);VEGETABLES NOT HEATED GREENHOUSE;EGGPLANT (g);1,18;362
CROPS;FRUIT (GENERIC);FRUIT HEATED GREENHOUSE;EXOTIC FRUIT (G);2,88;748
CROPS;FRUIT (GENERIC);FRUIT IMPORTED;EXOTIC FRUIT (I);1,07;748
CROPS;LEGUMES (GENERIC);LEGUMES DRIED;FABA BEAN;0,52;2018
CROPS;VEGETABLES (GENERIC);VEGETABLES LOCAL;FENNEL;0,33;362,0
CROPS;SPICIES;FENNEL SEEDS;-;0,84;8280
CROPS;FRUIT (GENERIC);FRUIT LOCAL;FIG;0,32;3350
CROPS;VEGETABLES (GENERIC);VEGETABLES LOCAL;GARLIC;0,25;589
CROPS;SPICIES;GARLIC POWDER;-;0,84;2265
CROPS;VEGETABLES (GENERIC);VEGETABLES LOCAL;GERKIN;0,21;362,0
CROPS;VEGETABLES (GENERIC);VEGETABLES HEATED GREENHOUSE;GERKIN (G);2,12;336
CROPS;SPICIES;GINGER;-;0,84;1657
CROPS;FRUIT (GENERIC);FRUIT LOCAL;GOOSEBERRY;0,64;526
CROPS;FRUIT (GENERIC);FRUIT LOCAL;GRAPES;0,31;608
CROPS;LEGUMES (GENERIC);LEGUMES;GREEN BEAN (fresh);0,52;555,5
CROPS;LEGUMES (GENERIC);LEGUMES NOT HEATED GREENHOUSE (green bean);GREEN BEAN (fresh) (g)*;0,28;555,5
CROPS;FRUIT (GENERIC);FRUIT LOCAL;GUAVA;0,32;1800
CROPS;NUTS (GENERIC);NUTS;HAZELNUT;1,11;11264
CROPS;NUTS (GENERIC);NUTS SHELLED;HAZELNUT SHELLED;1,11;10515
CROPS;NUTS (GENERIC);NUTS WITH SHELL;HAZELNUT WITH SHELL;1,11;5258
CROPS;SEEDS;HEMPSEED;-;0,88;3685
CROPS;SPICIES;HOP CONE;-;0,84;4065
CROPS;SPICIES;HOP EXTRACT;-;0,84;16259
CROPS;FRUIT (GENERIC);FRUIT LOCAL;KIWI;0,49;514
CROPS;NUTS (GENERIC);NUTS SHELLED;KOLA NUT;1,11;23391
CROPS;FRUIT (GENERIC);FRUIT LOCAL;LEMON;0,34;642
CROPS;LEGUMES (GENERIC);LEGUMES;LENTIL;0,52;5874
CROPS;VEGETABLES (GENERIC);VEGETABLES LOCAL;LETTUCE;0,41;237
CROPS;VEGETABLES (GENERIC);VEGETABLES HEATED GREENHOUSE;LETTUCE (G);2,67;237
CROPS;FRUIT (GENERIC);FRUIT LOCAL;LIME;0,34;642
CROPS;SEEDS;LINSEED;-;0,88;5168
CROPS;FRUIT (GENERIC);FRUIT LOCAL;LONGABERRY;0,64;413
CROPS;SPICIES;MACE;-;0,84;34319
CROPS;GRAINS;MAIZE;-;0,48;1191
CROPS;VEGETABLES (GENERIC);VEGETABLES LOCAL;MAIZE GREEN;0,33;700
CROPS;FRUIT (GENERIC);FRUIT LOCAL;MANDARIN;0,45;748
CROPS;FRUIT (GENERIC);FRUIT LOCAL;MANGO;0,31;1855
CROPS;FRUIT (GENERIC);FRUIT LOCAL;MANGOSTEEN;0,32;1800
CROPS;STARCHY TUBERS;MANIOC;-;0,27;564
CROPS;FRUIT (GENERIC);FRUIT LOCAL;MELON;0,61;1506,5
CROPS;FRUIT (GENERIC);FRUIT NOT HEATED GREENHOUSE* (melon);MELON (g)*;1,43;748
CROPS;GRAINS;MILLET;-;0,57;4478
CROPS;NUTS (GENERIC);NUTS;MIXED NUTS;1,11;9063
CROPS;FRUIT (GENERIC);FRUIT LOCAL;MULBERRY;0,64;413
CROPS;MUSHROOM*;MUSHROOM*;-;2,06;
CROPS;SEEDS;MUSTARD SEED;-;0,88;2809
CROPS;SPICIES;NUTMEG;-;0,84;34319
CROPS;GRAINS;OAT;-;0,67;1788
CROPS;VEGETABLES (GENERIC);VEGETABLES LOCAL;OKRA;0,33;576
CROPS;FRUIT (GENERIC);FRUIT LOCAL;OLIVES;0,64;3015
CROPS;VEGETABLES (GENERIC);VEGETABLES LOCAL;ONION;0,22;290
CROPS;FRUIT (GENERIC);FRUIT LOCAL;ORANGE;0,30;654
CROPS;NUTS (GENERIC);NUTS;PALM NUT;1,11;2868
CROPS;FRUIT (GENERIC);FRUIT LOCAL;PAPAYA;0,32;460
CROPS;LEGUMES (GENERIC);LEGUMES;PEA;0,45;1979
CROPS;LEGUMES (GENERIC);LEGUMES FRESH;PEA (fresh);0,52;595
CROPS;FRUIT (GENERIC);FRUIT LOCAL;PEACH;0,39;910
CROPS;NUTS (GENERIC);NUTS;PEANUT;0,83;2782
CROPS;FRUIT (GENERIC);FRUIT LOCAL;PEAR;0,27;922
CROPS;VEGETABLES (GENERIC);VEGETABLES LOCAL;PEPPER;0,65;379
CROPS;VEGETABLES (GENERIC);VEGETABLES HEATED GREENHOUSE;PEPPER (G);3,73;379
CROPS;SPICIES;PEPPER (PIPER SPP.);-;0,84;7611
CROPS;VEGETABLES (GENERIC);VEGETABLES NOT HEATED GREENHOUSE;PEPPER (g);1,18;379
CROPS;SPICIES;PEPPERMINT;-;0,84;288
CROPS;LEGUMES (GENERIC);LEGUMES DRIED;PIGEON PEA;0,52;5494
CROPS;FRUIT (GENERIC);FRUIT LOCAL;PINEAPPLE;0,28;255
CROPS;FRUIT (GENERIC);FRUIT IMPORTED;PINEAPPLE (I);0,55;255
CROPS;NUTS (GENERIC);NUTS;PISTACHIO;1,60;11363
CROPS;FRUIT (GENERIC);FRUIT LOCAL;PLANTAIN;0,32;1602
CROPS;FRUIT (GENERIC);FRUIT LOCAL;PLUM;0,32;2180
CROPS;FRUIT (GENERIC);FRUIT LOCAL;POMEGRANATE;0,32;1506,5
CROPS;FRUIT (GENERIC);FRUIT IMPORTED;POMEGRANATE (I);1,07;748
CROPS;FRUIT (GENERIC);FRUIT LOCAL;POMELO;0,34;654,0
CROPS;SEEDS;POPPY SEED;-;0,88;2188
CROPS;STARCHY TUBERS;POTATO;-;0,24;555
CROPS;VEGETABLES (GENERIC);VEGETABLES LOCAL;PUMPKIN;0,24;336
CROPS;GRAINS;QUINOA;-;0,97;1618
CROPS;VEGETABLES (GENERIC);VEGETABLES LOCAL;RADISH;0,25;272,0
CROPS;FRUIT (GENERIC);DRIED FRUIT;RAISINS;0,81;2433
CROPS;SEEDS;RAPESEED;-;0,88;2271
CROPS;FRUIT (GENERIC);FRUIT LOCAL;RASPBERRY;0,64;413
CROPS;FRUIT (GENERIC);FRUIT HEATED GREENHOUSE;RASPBERRY (G);2,88;413
CROPS;RICE*;RICE*;-;2,19;1597
CROPS;FRUIT (GENERIC);FRUIT LOCAL;ROCKMELON;0,32;1506,5
CROPS;GRAINS;RYE;-;0,57;1554
CROPS;SPICIES;SAFFRON;-;0,84;731000
CROPS;SEEDS;SESAM SEED;-;0,88;9371
CROPS;VEGETABLES (GENERIC);VEGETABLES LOCAL;SHALLOT;0,25;272
CROPS;GRAINS;SORGHUM;-;0,57;3048
CROPS;LEGUMES (GENERIC);LEGUMES;SOYBEAN;0,56;4615
CROPS;VEGETABLES (GENERIC);VEGETABLES LOCAL;SPINACH;0,34;292
CROPS;VEGETABLES (GENERIC);VEGETABLES LOCAL;SQUASH;0,33;336
CROPS;STARCHY TUBERS;STARCHY ROOTS;-;0,27;554,8
CROPS;FRUIT (GENERIC);FRUIT LOCAL;STRAWBERRY;0,61;413
CROPS;FRUIT (GENERIC);FRUIT HEATED GREENHOUSE;STRAWBERRY (G);2,88;413
CROPS;FRUIT (GENERIC);FRUIT IMPORTED;STRAWBERRY (I);1,07;413
CROPS;VEGETABLES (GENERIC);VEGETABLES LOCAL;STRING BEAN;0,33;547
CROPS;SEEDS;SUNFLOWER SEED;-;0,88;3366
CROPS;VEGETABLES (GENERIC);VEGETABLES LOCAL;SWEDE;0,25;272,0
CROPS;STARCHY TUBERS;SWEET POTATO;-;0,27;383
CROPS;FRUIT (GENERIC);FRUIT LOCAL;TANGERIN;0,34;748
CROPS;STARCHY TUBERS;TARO;-;0,27;606
CROPS;VEGETABLES (GENERIC);VEGETABLES LOCAL;TOMATO;0,45;41
CROPS;VEGETABLES (GENERIC);VEGETABLES HEATED GREENHOUSE;TOMATO (G);2,43;41
CROPS;VEGETABLES (GENERIC);VEGETABLES NOT HEATED GREENHOUSE;TOMATO (g);0,91;41
CROPS;VEGETABLES (GENERIC);VEGETABLES LOCAL;TURNIP;0,25;195
CROPS;SPICIES;VANILLA BEAN;-;0,84;126505
CROPS;VEGETABLES (GENERIC);VEGETABLES LOCAL;VEGETABLES (OTHER);0,54;362,0
CROPS;NUTS (GENERIC);NUTS;WALNUT;2,06;11264
CROPS;NUTS (GENERIC);NUTS SHELLED;WALNUT SHELLED;1,11;9172,5
CROPS;NUTS (GENERIC);NUTS WITH SHELL;WALNUT WITH SHELL;1,11;4918
CROPS;FRUIT (GENERIC);FRUIT LOCAL;WATERMELON;0,32;185
CROPS;GRAINS;WHEAT;-;0,57;1639
CROPS;STARCHY TUBERS;YAM;-;0,27;343
CROPS;VEGETABLES (GENERIC);VEGETABLES LOCAL;ZUCCHINI;0,70;336
CROPS;VEGETABLES (GENERIC);VEGETABLES NOT HEATED GREENHOUSE;ZUCCHINI (g);1,18;336
FISHING;FISH;ALFONSINO;-;5,19;2313,5
FISHING;FISH;ANCHOVY;-;0,82;2313,5
FISHING;FISH;ANGLERFISH;-;5,19;2313,5
FISHING;SHELLFISH;BARNACLE;-;2,30;1856
FISHING;FISH;BLACK CARP;-;5,19;2555
FISHING;FISH;CARP;-;5,19;2364
FISHING;FISH;CATFISH;-;5,19;2313,5
FISHING;FISH;COD;-;3,08;2782
FISHING;FISH FROZEN;COD (F);-;3,03;2313,5
FISHING;FISH PROCESSED;COD FISH STICK;-;2,12;2313,5
FISHING;SHELLFISH* (crustacean);CRUSTACEAN;-;7,04;1974
FISHING;SHELLFISH;CUTTLEFISH;-;5,80;1856
FISHING;FISH;DIAMOND FISH;-;5,19;2313,5
FISHING;FISH;EEL;-;5,19;2313,5
FISHING;FISH;FISH MIXED;-;4,99;2313,5
FISHING;FISH FROZEN;FISH STICK (F);-;2,20;2313,5
FISHING;FISH;FLATFISH;-;5,19;2313,5
FISHING;FISH;FLATHEAD;-;5,19;2313,5
FISHING;FISH;FLOUNDER;-;5,19;798
FISHING;FISH;FORK BEARD;-;5,19;2313,5
FISHING;FISH;GILSTHEAD SEABREAM;-;5,19;3543,5
FISHING;FISH;GRASS CARP;-;5,19;2229
FISHING;FISH;GROUPER;-;5,19;360
FISHING;FISH;HADDOCK;-;5,19;2313,5
FISHING;FISH FROZEN;HADDOCK (F);-;2,20;2313,5
FISHING;FISH;HAKE;-;10,40;2313,5
FISHING;FISH PROCESSED;HAKE FISH STICK;-;2,12;2313,5
FISHING;FISH;HERRING;-;1,24;2313,5
FISHING;FISH FROZEN;HERRING (F);-;1,30;2313,5
FISHING;SHELLFISH;KRILL;-;5,67;1856
FISHING;FISH;LING;-;5,19;2313,5
FISHING;SHELLFISH;LOBSTER;-;20,25;1856
FISHING;FISH;MACKEREL;-;1,80;2313,5
FISHING;FISH FROZEN;MACKEREL (F);-;2,20;2313,5
FISHING;FISH;MAJOR CARP;-;5,19;3808
FISHING;FISH PROCESSED;MAKEREL FISH STICK;-;2,12;2313,5
FISHING;FISH;MANDARIN FISH;-;5,19;88
FISHING;FISH;MEGRIM;-;5,19;2313,5
FISHING;FISH;MILKFISH;-;5,19;2471,5
FISHING;FISH FROZEN;MIXED FISH (F);-;2,20;2313,5
FISHING;SHELLFISH;MUSSELS;-;0,46;1856
FISHING;SHELLFISH;OCTOPUS;-;5,80;1856
FISHING;SHELLFISH FROZEN;OCTOPUS (F);-;11,47;1856
FISHING;FISH;PANGASIID;-;5,19;1909,5
FISHING;FISH;PILCHARD;-;5,19;2313,5
FISHING;FISH;PLAICE;-;5,19;2313,5
FISHING;FISH;POLLOCK;-;5,19;2313,5
FISHING;FISH FROZEN;POLLOCK (F);-;2,20;2313,5
FISHING;FISH FROZEN;POLLOCK STICK (F);-;2,20;2313,5
FISHING;FISH;POMFRET;-;5,19;2313,5
FISHING;FISH;PORBEAGLE;-;5,19;2313,5
FISHING;SHELLFISH* (crustacean);PRAWNS GIANT;-;7,04;1738
FISHING;SHELLFISH;PRAWNS/SHRIMPS;-;7,04;1856,0
FISHING;SHELLFISH FROZEN;PRAWNS/SHRIMPS (F);-;15,07;1856
FISHING;FISH;RED DRUM;-;5,19;2202
FISHING;FISH;RHOMBUS;-;5,19;2313,5
FISHING;FISH;ROCK FISH;-;5,19;2313,5
FISHING;FISH;SALMON;-;3,37;2193
FISHING;FISH FROZEN;SALMON (F);-;1,61;2313,5
FISHING;FISH;SARDINE;-;0,90;2313,5
FISHING;FISH;SEA-BASS;-;3,60;2313,5
FISHING;FISH;SEABASS;-;5,19;6524
FISHING;FISH;SHARK;-;5,19;2313,5
FISHING;FISH;SILVERBARB;-;5,19;2861,5
FISHING;FISH;SOLE;-;5,19;2313,5
FISHING;FISH FROZEN;SOLE (F);-;2,20;2313,5
FISHING;SHELLFISH;SQUID;-;5,80;1856
FISHING;FISH;STURGEON;-;5,19;13420
FISHING;FISH;SWARDFISH;-;5,19;2313,5
FISHING;FISH;TILAPIA;-;5,19;2263
FISHING;FISH;TROUT;-;4,20;2188
FISHING;FISH FROZEN;TROUT (F);-;2,20;2313,5
FISHING;FISH;TUNA;-;3,68;2313,5
FISHING;FISH FROZEN;TUNA (F);-;2,64;2313,5
FISHING;FISH PROCESSED;TUNA IN CAN;-;2,10;2313,5
FISHING;FISH;TURBOT;-;5,19;1504
FISHING;FISH;WHITING;-;5,19;2313,5
FISHING;FISH;WUCHANG BREAM;-;5,19;10550
